{
 "steps": [
    {
      "name": "gcr.io/cloud-builders/docker",
      "args": [
        "build",
        "-t",
        "${_LOCATION}-docker.pkg.dev/$PROJECT_ID/${_REPOSITORY}/pipeline-executor:0.0.1",
        "./builder_tools/pipeline_executer"
      ]
    },
    {
      "name": "gcr.io/cloud-builders/docker",
      "args": [
        "push",
        "${_LOCATION}-docker.pkg.dev/$PROJECT_ID/${_REPOSITORY}/pipeline-executor:0.0.1"
      ]
    }
   ],
     "options": {
    "logging": "CLOUD_LOGGING_ONLY"
  }
 }
