{
 "steps": [

  {
       "name": "gcr.io/cloud-builders/gsutil",
       "args": [
           "cp",           
		   "gs://${_CONF_REPO}/parameters_sms.json",
           ".",
        ]
   },
   {
       "name": "${_LOCATION}-docker.pkg.dev/$PROJECT_ID/${_REPOSITORY}/pipeline-executor:0.0.1",
       "args": [
           "--name=diabetes-predictor-pipeline",           
		   "--pipeline_def=./ml_pipeline/sms_prdictor_training_pipeline.yaml",
           "--pipeline_root=gs://${_TEMP_REPO}",         
		   "--parameter_dict=./parameters_sms.json"
        ]
   }
   ],
     "options": {
    "logging": "CLOUD_LOGGING_ONLY"
  }
 }
